	primer_name	coordinates_in_ref_NC_001348.1	primer_length	aplicon_lenght_with_primers	sequance
0	primer_0_F	(13891, 13910)	20	930	TAAATTAACGGAGAGGGAAG
1	primer_0_R	(14802, 14821)	20	930	CCTTGGCCCACAGCACGTAA
2	primer_1_F	(119603, 119622)	20	950	GCCCACACCCCATAAAACCG
3	primer_1_R	(120534, 120553)	20	950	GTTCATGGACCATAGTATGC
4	primer_2_F	(13452, 13471)	20	970	ACAATGCGCCGTATATGGTA
5	primer_2_R	(14403, 14422)	20	970	AACATAGAGCCTGTTAGGGT
6	primer_3_F	(20401, 20420)	20	990	CATTGCCCAGTTGACGGTGC
7	primer_3_R	(21372, 21391)	20	990	CGTGTATTCAGATGATGAGA
8	primer_4_F	(20367, 20386)	20	1030	AACATAACCGGTAAATCTGG
9	primer_4_R	(21378, 21397)	20	1030	GTTTGACGTGTATTCAGATG
