primer_name	coordinates_in_ref_NC_001348.1	primer_length	aplicon_lenght_with_primers	sequance
primer_0_F	(13891, 13910)	20	930	TAAATTAACGGAGAGGGAAG
primer_0_R	(14802, 14821)	20	930	CCTTGGCCCACAGCACGTAA
primer_1_F	(119603, 119622)	20	950	GCCCACACCCCATAAAACCG
primer_1_R	(120534, 120553)	20	950	GTTCATGGACCATAGTATGC
primer_2_F	(13452, 13471)	20	970	ACAATGCGCCGTATATGGTA
primer_2_R	(14403, 14422)	20	970	AACATAGAGCCTGTTAGGGT
primer_3_F	(20401, 20420)	20	990	CATTGCCCAGTTGACGGTGC
primer_3_R	(21372, 21391)	20	990	CGTGTATTCAGATGATGAGA
primer_4_F	(20367, 20386)	20	1030	AACATAACCGGTAAATCTGG
primer_4_R	(21378, 21397)	20	1030	GTTTGACGTGTATTCAGATG
